q1,q2,q3,q4,q5,q6,q7,q8,q9,q10,q11,q12,burnout_score,risk_level,true_risk,latent_burnout
1,1,2,3,1,3,3,3,2,3,2,3,56.2,1,1,0.5177701000933254
2,3,1,2,3,2,3,2,4,2,4,4,66.7,2,2,0.6664655641289899
1,2,2,2,1,1,2,1,2,2,3,2,43.8,1,1,0.5380197851005963
2,2,2,2,2,1,3,3,2,2,3,3,56.2,1,1,0.5610585745283823
1,2,2,0,1,2,1,2,3,2,1,2,39.6,0,0,0.255979044793104
1,1,1,2,1,2,2,0,2,0,2,2,33.3,0,0,0.3080780725554622
0,1,3,1,0,2,3,1,2,2,1,1,35.4,0,0,0.2833922154548904
4,4,3,2,4,3,3,4,4,4,4,4,89.6,2,2,0.8459180079228437
2,2,0,2,2,1,2,2,4,3,2,2,50.0,1,1,0.4929834288541353
1,1,1,1,0,2,2,1,2,1,2,2,33.3,0,0,0.33390390664840086
1,1,0,1,1,0,1,0,1,1,1,1,18.8,0,0,0.2429618219132586
3,3,4,2,2,2,3,3,3,3,3,4,72.9,2,2,0.8207687687163112
3,2,3,2,3,3,4,2,3,4,4,4,77.1,2,2,0.8271578837195374
1,0,0,0,0,0,1,0,0,0,2,0,8.3,0,0,0.07232514241796906
2,1,1,1,1,0,0,1,0,0,0,2,18.8,0,0,0.09189434595917377
2,1,2,1,0,0,2,1,1,1,3,3,35.4,0,0,0.3053152853332904
3,2,2,1,3,1,2,1,2,2,2,2,47.9,1,1,0.4960444846143345
1,3,1,2,3,2,2,2,3,3,2,3,56.2,1,1,0.5681500697372625
1,2,2,2,1,1,2,3,2,3,1,2,45.8,1,1,0.5028318376130461
1,0,0,0,1,1,0,0,0,1,0,1,10.4,0,0,0.20297561394957453
1,3,2,2,2,1,3,3,3,4,1,4,60.4,1,1,0.5938283805975998
0,1,0,0,0,1,0,1,0,0,0,2,10.4,0,0,0.14839552717826263
0,1,0,1,1,2,1,1,1,2,0,2,25.0,0,0,0.20961207769409834
1,1,2,2,2,2,3,3,3,2,1,3,52.1,1,1,0.45377247112949576
2,3,1,1,0,1,3,2,3,2,2,1,43.8,1,1,0.45655037725676845
2,0,1,0,3,2,2,3,1,4,3,2,47.9,1,1,0.46908278765313605
2,0,0,0,0,0,2,1,1,1,0,1,16.7,0,0,0.2222133771633713
0,1,0,3,2,2,3,1,2,2,2,3,43.8,1,1,0.45212513783365227
3,2,1,2,2,3,2,4,4,3,3,3,66.7,1,1,0.6255756125573521
0,0,1,0,1,0,0,0,0,2,1,0,10.4,0,0,0.11053926977804962
2,0,3,1,2,3,1,1,2,3,1,0,39.6,1,1,0.4813128355838641
0,1,2,0,0,2,0,0,1,1,0,1,16.7,0,0,0.15602689417258253
0,1,2,0,1,2,1,2,1,1,2,2,31.2,0,0,0.3446977884353733
2,3,3,1,4,3,4,4,2,3,4,3,75.0,2,2,0.8196554776511575
4,2,3,3,2,3,4,4,4,4,3,4,83.3,2,2,0.9031844539468635
3,2,2,3,1,4,3,4,2,4,4,4,75.0,2,2,0.6514439626963029
2,2,3,2,0,1,2,2,2,3,1,3,47.9,1,1,0.5267050265869259
0,2,1,1,0,2,2,2,1,2,1,2,33.3,0,0,0.28896307956234374
3,3,1,2,1,2,2,1,1,2,2,1,43.8,1,1,0.5082283989275425
2,2,2,2,3,4,2,2,3,2,3,4,64.6,1,1,0.6065480375065351
0,2,1,0,0,1,0,2,1,1,1,0,18.8,0,0,0.1482711549899628
2,2,3,1,2,2,3,3,2,2,3,2,56.2,2,1,0.640934744018558
2,1,0,1,1,0,1,2,3,2,2,2,35.4,1,1,0.42988981236192503
2,2,2,1,3,3,3,3,3,4,3,4,68.8,2,2,0.7637161439560342
0,0,0,0,1,1,1,1,0,0,0,2,12.5,0,0,0.15544974785992283
1,3,3,4,2,3,4,2,2,1,4,2,64.6,1,1,0.6453384477117701
2,3,2,3,3,4,2,2,2,4,4,4,72.9,2,2,0.6579572145730712
2,1,3,3,2,3,0,1,1,3,1,3,47.9,1,1,0.44771399728467315
3,2,2,1,1,3,2,2,2,0,1,4,47.9,1,1,0.4579813182904143
0,1,1,0,1,1,1,3,0,2,1,1,25.0,0,0,0.1718215391139493
2,2,3,1,3,3,3,4,3,3,2,3,66.7,2,2,0.6655549488965723
2,3,1,2,1,3,2,3,1,2,2,2,50.0,1,1,0.4081348053515802
2,2,3,3,2,4,4,3,3,4,3,3,75.0,2,2,0.6995859233247932
1,3,1,4,2,3,2,3,4,1,4,4,66.7,2,2,0.7232202434895871
1,1,3,1,1,3,2,1,2,1,3,3,45.8,1,1,0.4965315112613219
3,3,4,3,2,4,4,3,3,4,4,3,83.3,2,2,0.8234214732536521
2,3,1,1,0,2,2,2,2,1,1,2,39.6,1,1,0.3550500492814077
1,0,2,1,1,0,0,0,1,2,1,0,18.8,0,0,0.10016459592612091
0,2,0,2,1,2,2,1,1,1,2,1,31.2,0,0,0.2984322398476584
1,1,2,0,2,1,1,1,1,1,2,4,35.4,1,1,0.4786011155774491
1,2,2,2,2,1,3,4,1,1,2,2,47.9,1,1,0.4950536290347567
1,0,3,2,1,2,2,1,1,1,2,1,35.4,0,0,0.2674819492166604
1,2,2,2,4,2,3,4,4,3,4,4,72.9,2,2,0.6877277978437701
2,2,2,0,3,2,2,4,2,2,4,2,56.2,1,1,0.538240974618405
0,1,1,1,0,0,0,1,1,1,0,2,16.7,0,0,0.2166452208213056
2,3,2,3,2,3,3,2,4,3,3,2,66.7,1,1,0.5492451264008149
0,1,1,0,1,2,1,0,1,0,1,1,18.8,0,0,0.22891686439078182
3,2,3,3,1,4,4,4,4,3,4,4,81.2,2,2,1.0
1,1,1,0,0,1,0,0,1,1,1,0,14.6,0,0,0.13622600157486842
2,1,3,1,4,4,3,1,3,3,3,3,64.6,2,2,0.7469003044998183
3,2,1,0,1,2,2,1,2,4,3,2,47.9,1,1,0.43768594735752353
0,0,1,0,1,1,0,0,1,1,1,0,12.5,1,0,0.14445228808397453
1,0,2,0,1,1,0,1,2,0,1,0,18.8,0,0,0.13626128726934822
2,4,3,2,3,4,2,3,4,4,4,3,79.2,2,2,0.9189016531107552
4,3,3,2,2,2,3,4,4,2,4,3,75.0,2,1,0.6420504247989856
2,3,1,2,1,0,2,4,0,2,3,2,45.8,1,1,0.4429253706250524
1,0,2,1,0,3,2,2,2,3,2,3,43.8,1,1,0.41676444268957713
1,2,1,1,0,1,0,1,0,0,3,2,25.0,0,0,0.24714155563864043
3,1,2,1,1,1,3,2,3,2,4,1,50.0,1,1,0.4447776955719029
2,2,0,2,1,1,0,1,3,1,2,1,33.3,0,0,0.2632931817755511
2,4,2,3,3,3,3,4,4,4,3,4,81.2,2,2,0.82029230208513
2,2,0,2,0,1,3,1,1,2,0,1,31.2,0,0,0.34842558850027683
3,2,2,3,3,3,2,3,3,3,3,3,68.8,2,2,0.6547505201330062
0,1,1,0,2,2,2,1,2,2,2,1,33.3,1,1,0.3795877673095522
2,2,2,0,2,3,1,1,2,2,3,1,43.8,1,1,0.4387211309515614
2,2,1,2,3,3,1,3,2,2,2,2,52.1,1,1,0.4612298440064016
3,2,1,2,2,3,3,2,4,3,3,2,62.5,1,1,0.5285865390724905
2,2,3,3,3,2,2,3,3,2,3,4,66.7,1,1,0.5334456789987025
2,2,3,3,3,4,4,4,3,3,4,2,77.1,2,2,0.8658544272672831
3,2,4,4,3,3,4,4,2,2,3,4,79.2,2,2,0.7010204538766349
1,1,0,0,1,0,0,1,1,1,0,1,14.6,0,0,0.18230527725059506
1,0,1,2,2,2,1,2,0,2,3,1,35.4,1,1,0.4201702755461546
1,1,2,1,1,0,2,3,2,2,2,2,39.6,1,1,0.3620680771985473
1,2,2,2,1,3,2,1,3,2,1,1,43.8,1,1,0.42690699600580806
0,2,0,1,0,2,2,2,1,1,3,2,33.3,1,1,0.4966873027126203
2,2,3,4,3,2,3,3,3,3,3,3,70.8,2,2,0.6794557863517787
1,1,0,0,1,2,1,2,2,0,3,3,33.3,1,1,0.44823887009638286
1,2,1,2,1,1,2,2,2,1,2,3,41.7,1,1,0.5223787951638899
1,1,0,2,0,1,2,1,1,0,2,0,22.9,0,0,0.19835771039272482
0,1,2,1,0,1,1,1,2,0,3,2,29.2,0,0,0.3188393273448084
2,1,1,0,1,2,3,1,2,2,1,3,39.6,1,1,0.4526932425873622
1,1,1,1,2,2,2,1,2,3,2,3,43.8,1,1,0.4469131227079679
0,2,1,0,1,3,3,2,1,2,2,2,39.6,1,1,0.45105605574817775
0,1,2,3,1,2,3,3,3,3,2,1,50.0,1,1,0.6044160877069072
2,4,4,4,4,4,3,4,4,3,4,4,91.7,2,2,0.8681891489626312
2,0,2,1,0,2,2,1,0,2,2,2,33.3,1,1,0.3846707325736034
3,2,3,2,2,1,2,2,3,3,2,3,58.3,1,1,0.5583928185325964
2,3,2,2,2,2,3,1,2,1,2,3,52.1,1,1,0.46407079092129405
0,0,1,2,1,1,1,0,2,1,3,2,29.2,0,0,0.25906548306923094
1,1,1,1,2,1,1,3,1,2,1,2,35.4,0,0,0.3108703580582908
1,0,3,2,1,0,1,1,2,1,2,3,35.4,0,0,0.2820482181197364
1,0,2,2,3,0,1,0,2,1,3,1,33.3,1,0,0.2507274031107298
2,3,2,4,2,4,2,4,4,4,3,4,79.2,2,2,0.9066674689589155
3,3,2,4,1,3,3,4,4,3,3,4,77.1,2,2,0.9169295590445673
2,2,2,3,2,2,4,2,1,4,2,3,60.4,1,1,0.6382158991037528
2,3,4,4,4,2,3,1,3,4,4,4,79.2,2,2,0.8648709887589643
2,2,3,3,2,3,4,3,4,4,4,4,79.2,2,2,0.7832881919683146
0,1,1,1,0,1,2,1,2,1,2,1,27.1,0,0,0.2146713686433323
2,3,2,3,4,4,3,4,4,3,3,4,81.2,2,2,0.9206508966508358
1,1,1,0,1,1,2,1,3,0,3,2,33.3,1,1,0.4183064329012764
3,3,4,3,2,4,3,4,4,3,4,4,85.4,2,2,0.8368673308872902
2,3,1,2,4,4,3,3,3,4,3,4,75.0,2,2,0.760666118767264
3,1,3,1,3,2,2,1,2,1,2,2,47.9,1,1,0.5028744822934818
2,1,1,0,1,3,1,3,1,1,2,3,39.6,0,0,0.3278451862607299
1,0,1,1,2,1,1,2,1,1,0,0,22.9,0,0,0.21910990680199036
2,2,1,2,2,3,2,2,3,2,3,2,54.2,1,1,0.5046436548156149
2,2,2,3,2,1,2,3,3,3,4,3,62.5,2,2,0.6640143859020081
2,3,3,2,3,4,4,4,4,4,4,4,85.4,1,2,0.8746253566027221
0,0,1,1,3,0,1,1,1,1,2,0,22.9,0,0,0.26454841811410756
0,2,3,1,0,3,3,2,2,2,3,3,50.0,2,2,0.716325472330546
2,0,1,1,2,1,3,0,2,3,4,2,43.8,1,1,0.46922217650469994
1,0,0,1,1,2,0,1,2,1,1,1,22.9,1,0,0.2219150327663939
0,2,0,1,0,0,2,1,2,1,0,2,22.9,1,0,0.22493836837107553
2,3,2,1,3,4,3,3,4,3,3,2,68.8,2,2,0.6577453279763474
3,3,2,4,3,2,4,3,4,3,4,4,81.2,2,2,0.7904704467613048
2,0,1,3,2,2,1,1,1,2,2,2,39.6,0,1,0.5279021525770339
2,2,4,1,3,3,2,3,2,3,4,3,66.7,1,1,0.5607896509716539
2,1,1,2,3,1,1,2,1,2,2,1,39.6,1,1,0.5186609123156358
1,2,1,0,1,2,2,2,2,1,3,2,39.6,1,1,0.4553566385449472
2,4,2,4,3,3,3,3,4,3,3,4,79.2,2,2,0.8194089992898308
2,4,4,3,4,3,4,4,4,3,3,4,87.5,2,2,0.9073631749859773
0,0,1,1,2,1,0,0,0,0,0,0,10.4,0,0,0.09734847005889398
0,2,2,1,2,3,2,2,3,3,3,2,52.1,1,1,0.5132969674146876
2,2,1,3,1,2,1,2,0,2,1,2,39.6,1,1,0.42998791850608264
2,2,0,3,1,1,1,1,1,2,1,1,33.3,0,0,0.31950466289248425
0,0,0,1,1,1,0,0,1,0,0,0,8.3,0,0,0.04768130952162253
2,2,2,2,1,2,2,3,2,2,2,3,52.1,1,1,0.44410781527284116
1,2,1,0,2,3,2,1,2,1,4,2,43.8,1,1,0.537721187506452
2,2,1,0,2,1,2,1,0,0,2,1,29.2,1,1,0.35655240292343404
0,1,2,0,0,1,0,1,1,1,0,0,14.6,0,0,0.19342497389270122
2,3,3,4,2,3,4,3,4,4,3,3,79.2,2,2,0.7444800473306802
0,2,2,3,2,2,1,1,2,2,2,2,43.8,1,1,0.38811570694405906
0,1,1,1,1,1,0,1,0,1,0,0,14.6,0,0,0.05519860995837561
0,1,1,0,1,1,2,1,2,0,1,1,22.9,0,0,0.28011940433799176
3,4,2,4,1,2,3,2,2,4,4,4,72.9,2,2,0.8440014450053333
1,1,1,0,0,1,0,0,1,0,0,1,12.5,0,0,0.1497945775647389
2,1,1,2,2,3,3,3,1,2,2,1,47.9,1,1,0.39787671828692867
2,3,2,1,3,2,2,2,2,3,2,4,58.3,1,1,0.5708356447299353
0,0,1,1,1,1,1,1,2,2,2,0,25.0,0,0,0.2243800713771199
1,1,1,2,1,2,1,3,1,2,3,2,41.7,1,1,0.44359213692632715
2,0,2,1,1,1,2,1,1,2,1,3,35.4,1,1,0.37196956013291055
1,3,2,1,2,3,2,3,3,3,2,2,56.2,1,1,0.5872457328280145
1,2,2,0,2,2,2,3,3,4,2,3,54.2,0,1,0.5650201177958661
3,3,1,2,2,2,3,1,2,1,3,2,52.1,1,1,0.49008241362206173
1,1,2,0,1,1,1,3,1,2,2,3,37.5,1,1,0.3846636996047666
2,2,3,3,1,2,3,4,2,1,4,2,60.4,2,2,0.6929915233673848
0,0,2,1,1,2,2,3,0,2,0,1,29.2,0,0,0.34744748290752614
0,1,0,1,1,2,0,0,1,0,2,0,16.7,0,0,0.13080919301187555
0,0,1,1,0,2,0,1,1,0,1,0,14.6,0,0,0.19544139836445024
2,1,2,3,3,2,2,2,3,2,2,3,56.2,1,1,0.5243339449322691
1,1,1,1,2,2,3,2,2,2,3,3,47.9,1,1,0.475876394214367
1,0,0,0,1,1,1,1,2,1,2,1,22.9,0,0,0.2352055396514297
1,2,2,2,1,1,3,3,2,2,3,2,50.0,1,1,0.37484605758095557
1,1,1,0,1,1,3,1,1,2,1,2,31.2,0,0,0.34437646040732595
2,2,1,2,1,2,2,2,2,3,4,2,52.1,1,1,0.4917848821607431
1,0,0,1,2,1,1,1,1,2,0,3,27.1,0,0,0.3117295831588128
1,2,1,2,3,2,1,2,1,2,3,3,47.9,1,1,0.5342725346377704
2,1,2,2,0,3,2,3,2,0,3,3,47.9,1,1,0.5456753219153784
1,2,4,3,4,3,2,3,4,4,4,4,79.2,2,2,0.8569767280232204
1,0,1,0,0,2,1,1,0,1,1,0,16.7,0,0,0.2447708560017315
1,2,3,2,3,1,3,2,3,2,4,2,58.3,1,1,0.5642722759867544
2,1,1,1,1,1,1,2,2,2,2,1,35.4,0,0,0.33291525301324315
3,2,3,3,2,3,3,3,4,3,3,4,75.0,2,2,0.8196521169701471
3,3,4,4,2,3,3,4,2,4,4,4,83.3,2,2,0.8709003757588513
2,3,1,1,1,1,0,0,0,0,1,0,20.8,0,0,0.19102643057127733
2,2,2,2,4,4,2,3,2,2,2,3,62.5,1,1,0.6440117215449472
2,3,3,4,2,3,3,3,3,4,4,4,79.2,2,2,0.732360769794073
2,1,2,2,2,3,1,2,4,4,3,2,58.3,2,2,0.6800940432910816
1,1,2,3,1,1,2,1,2,3,3,3,47.9,1,1,0.49598420493556566
0,0,1,0,1,1,2,0,1,1,1,0,16.7,0,0,0.056922489788195196
0,1,0,1,2,0,2,2,1,1,1,2,27.1,0,0,0.21281044149107894
3,1,3,2,3,2,4,4,3,2,3,4,70.8,2,2,0.731894834252512
3,4,4,4,4,2,3,4,4,4,4,3,89.6,2,2,0.8840643548988725
1,2,1,1,1,3,2,3,3,2,1,0,41.7,1,1,0.4347376020697609
0,0,3,2,2,0,1,3,2,2,3,3,43.8,1,1,0.45538165667852204
1,1,1,3,0,2,1,2,1,1,2,4,39.6,0,0,0.31104592690544686
2,1,1,1,0,2,2,1,3,2,2,2,39.6,1,1,0.45476936807509233
3,2,2,2,2,2,1,4,3,3,3,2,60.4,1,1,0.5576120673371043
2,1,4,1,2,2,4,3,2,4,4,4,68.8,1,1,0.6416097176514277
2,4,4,2,3,3,3,1,2,2,3,4,68.8,1,1,0.5760414656144297
0,2,3,2,3,3,3,2,2,2,3,3,58.3,1,1,0.5785800158650832
1,0,1,2,1,0,2,1,1,2,1,1,27.1,0,0,0.2425457561784965
0,0,1,0,1,0,0,1,1,2,0,1,14.6,0,0,0.10330238568707871
3,2,4,4,3,4,3,3,2,3,3,4,79.2,2,2,0.7952288643858021
2,1,2,1,1,2,3,3,2,2,3,3,52.1,1,1,0.49963974609094314
0,0,0,0,0,2,0,0,0,1,2,0,10.4,0,0,0.08416353108074573
0,2,0,1,1,1,2,1,1,2,2,2,31.2,1,1,0.3503398301767151
2,3,2,3,1,2,3,3,2,2,2,3,58.3,1,1,0.5877362290575672
1,0,1,1,1,1,1,1,3,0,1,0,22.9,0,0,0.17790358261703362
0,1,1,3,1,0,1,0,1,1,2,2,27.1,0,0,0.2026885838994531
1,2,1,1,2,1,2,1,3,4,1,1,41.7,1,1,0.5208382807947552
1,1,1,1,1,1,2,0,1,2,1,3,31.2,0,0,0.2958265131575709
1,2,2,1,0,2,3,2,1,3,2,2,43.8,1,1,0.4752822617479403
1,1,2,1,1,0,0,1,1,0,0,1,18.8,0,0,0.13180157520022015
2,2,2,1,1,1,3,2,2,1,4,1,45.8,1,1,0.3998379990105084
0,1,1,1,2,1,0,1,1,2,0,2,25.0,0,0,0.17188997071140452
2,3,2,2,3,3,4,3,2,2,4,4,70.8,2,2,0.6797686526849522
1,1,2,1,1,1,2,2,1,4,4,2,45.8,1,1,0.564084286126701
2,2,2,1,3,1,1,2,3,4,1,3,52.1,1,1,0.4428821010217203
2,3,2,2,3,3,3,4,4,4,4,4,79.2,2,2,0.857258278135616
1,3,2,3,4,3,1,2,4,3,3,4,68.8,1,1,0.6399355436586003
2,2,2,2,3,3,2,3,2,2,2,2,56.2,1,1,0.5924633682912769
0,2,0,1,0,1,0,1,1,1,1,0,16.7,0,0,0.20596303699201743
2,2,2,2,1,2,2,0,1,2,2,3,43.8,1,1,0.4353063222294426
0,1,1,0,1,2,0,1,0,1,1,3,22.9,1,0,0.269822331361359
1,0,0,1,1,1,1,2,1,2,0,0,20.8,0,0,0.23934853854217497
1,3,3,3,3,3,3,3,4,4,4,4,79.2,2,2,0.8895193220027733
1,1,1,2,2,3,4,1,3,2,2,2,50.0,1,1,0.563517180168197
2,4,4,3,4,2,3,2,3,4,4,4,81.2,2,2,0.9049552715319336
0,2,2,2,0,2,1,2,2,2,1,2,37.5,1,1,0.4464764788439432
1,3,2,3,2,2,2,3,2,3,3,1,56.2,1,1,0.6317394065634325
1,1,2,1,3,2,2,3,3,2,2,1,47.9,1,1,0.51975996046924
2,2,3,2,3,2,3,4,3,3,3,3,68.8,2,2,0.7075260872625265
1,1,2,1,1,3,2,1,2,2,3,1,41.7,1,1,0.4310812181910432
2,2,1,1,1,1,1,2,3,1,0,2,35.4,1,1,0.373596380316525
2,2,2,2,3,2,2,2,2,4,2,2,56.2,1,1,0.5197910783462648
0,1,2,1,1,1,0,1,1,1,0,0,18.8,0,0,0.13485819963855517
0,1,0,2,1,0,1,0,0,2,1,1,18.8,0,0,0.15161141659456784
2,0,1,2,1,0,2,2,2,3,3,2,41.7,1,1,0.46796526918056797
2,0,1,1,0,0,0,0,2,1,0,1,16.7,0,0,0.24241659464019166
4,3,3,3,4,3,4,4,4,4,3,4,89.6,2,2,0.8522835488035501
1,3,4,4,4,3,3,2,4,4,3,4,81.2,2,2,0.7426299996061422
2,3,3,3,3,2,3,4,3,4,3,4,77.1,1,2,0.7975645407739017
2,3,3,3,4,3,3,2,3,3,3,3,72.9,2,2,0.7142270358611864
0,0,1,2,0,1,3,2,3,2,3,1,37.5,1,1,0.37275431701007117
2,1,4,4,3,3,3,4,4,2,4,4,79.2,2,2,0.8436323669674033
2,2,2,2,2,3,2,2,1,2,3,2,52.1,1,1,0.50380034781682
3,4,4,3,3,1,3,3,4,4,4,2,79.2,1,2,0.8120031326718262
2,3,4,3,4,4,3,4,3,4,4,4,87.5,2,2,0.8613517972730417
2,3,4,2,2,3,3,2,1,4,4,2,66.7,2,2,0.6977207434801594
0,2,2,1,1,1,1,2,0,0,2,1,27.1,0,0,0.1742623462576655
2,1,1,0,1,0,1,0,2,2,0,3,27.1,0,0,0.3331415926122411
4,3,2,4,2,3,4,4,4,3,3,4,83.3,2,2,0.8399223122605279
1,2,2,1,3,2,1,2,3,1,3,2,47.9,1,1,0.564719593970274
2,1,0,0,0,1,1,0,1,0,0,0,12.5,0,0,0.15168135377006262
3,2,2,4,3,2,3,3,3,3,3,3,70.8,2,2,0.6573986763290033
3,1,2,4,2,2,2,2,1,3,3,3,58.3,2,2,0.6774234336997659
1,1,2,1,1,1,2,3,1,2,2,1,37.5,1,1,0.353562511979018
2,1,0,2,2,2,2,1,2,1,4,1,41.7,1,1,0.5224451818559972
1,0,2,1,1,2,1,2,1,0,2,1,29.2,0,0,0.30470983026121545
3,2,2,1,4,2,3,2,3,2,3,3,62.5,1,2,0.6683927691457869
2,3,2,2,3,4,3,4,3,4,2,4,75.0,2,2,0.754111573713106
0,0,1,1,1,1,4,1,2,1,2,1,31.2,0,0,0.3078680833431296
1,3,3,2,0,2,4,2,3,3,2,2,56.2,0,1,0.4961491530499293
1,3,2,3,2,3,3,4,3,4,3,2,68.8,2,2,0.7827372700059181
2,2,2,3,2,2,2,3,3,2,1,4,58.3,1,1,0.5883659937486673
1,1,2,1,1,1,3,2,4,2,2,2,45.8,1,1,0.5652322878413419
1,1,2,0,0,0,0,1,1,1,3,3,27.1,0,0,0.342360784301575
2,1,2,2,2,2,2,2,2,3,3,2,52.1,2,1,0.6476540349725896
2,0,0,2,1,2,0,3,2,0,0,3,31.2,0,0,0.3380091354147452
2,2,1,2,3,3,2,2,4,4,2,4,64.6,2,2,0.737443729849047
3,4,3,1,3,4,3,3,4,1,4,3,75.0,2,2,0.8395803533437409
3,3,4,3,3,3,4,2,4,3,4,4,83.3,2,2,0.8494030186282739
3,3,1,2,4,3,4,4,3,3,4,2,75.0,2,2,0.8260673765823907
3,2,3,0,3,4,1,2,2,1,2,3,54.2,1,1,0.444969484615458
1,2,0,0,2,2,1,2,2,3,2,3,41.7,1,1,0.4328376632061948
1,3,1,3,2,1,3,2,3,3,3,2,56.2,0,1,0.49744459290085546
3,2,3,1,3,2,4,3,3,3,2,4,68.8,2,1,0.6172729019259364
3,2,3,2,1,2,3,2,3,3,2,3,60.4,1,1,0.5543600154594432
2,2,3,1,2,1,1,1,1,2,2,3,43.8,1,1,0.4629385667913894
3,2,4,3,3,4,4,4,4,3,4,4,87.5,2,2,0.8771698710648346
1,1,1,1,3,1,1,1,2,0,0,1,27.1,0,0,0.21514573793699243
1,2,3,2,1,2,3,1,3,3,4,4,60.4,1,1,0.6148765700372103
2,0,0,0,0,1,0,0,1,1,0,1,12.5,0,0,0.026028622122190037
2,3,2,3,4,2,2,3,2,4,2,2,64.6,1,1,0.4637559058596868
0,1,1,0,1,0,1,1,2,0,0,0,14.6,0,0,0.08803301053738562
0,2,3,2,2,2,1,1,1,0,2,2,37.5,1,1,0.3705318524279094
3,2,2,2,2,3,2,3,3,2,2,3,60.4,1,1,0.6160826787378519
0,1,0,1,2,0,1,0,2,0,1,0,16.7,0,0,0.15322987986881087
2,1,3,1,2,2,2,2,2,3,4,2,54.2,1,1,0.5346503881730715
2,2,0,0,1,0,2,1,0,0,2,0,20.8,0,0,0.1953079421120816
1,2,0,1,1,2,1,1,1,1,0,1,25.0,0,0,0.24770408272231215
4,2,2,2,4,4,3,3,4,2,4,4,79.2,2,2,0.8076821891060256
0,0,3,1,2,1,1,2,1,2,1,1,31.2,1,1,0.37170077758114306
1,1,1,0,2,2,2,1,0,3,1,1,31.2,0,0,0.29962668194471404
2,2,2,3,3,1,1,3,0,2,1,2,45.8,1,1,0.4506243416838688
1,1,1,0,3,3,0,3,1,2,2,1,37.5,0,0,0.3443418101340249
1,1,0,0,0,0,1,0,0,2,2,1,16.7,0,0,0.15718848390340875
2,4,3,2,1,3,3,2,3,3,3,1,62.5,2,2,0.6500759790634311
1,2,0,1,0,1,1,0,2,2,1,2,27.1,0,0,0.2850221742113493
1,1,0,1,0,0,3,1,0,0,2,0,18.8,0,0,0.1651347865592141
1,1,3,2,2,2,1,2,2,3,3,3,52.1,1,1,0.46507422956815714
1,2,2,1,1,2,3,2,1,2,2,2,43.8,1,1,0.46783649487826173
3,3,2,2,2,3,4,3,3,4,4,4,77.1,2,2,0.707674798356084
1,2,1,1,2,2,2,1,3,3,1,3,45.8,1,1,0.5381935452231553
2,4,3,3,3,4,2,4,4,4,4,4,85.4,2,2,0.843004164719107
3,2,3,2,2,3,2,1,2,3,4,3,62.5,1,1,0.6030283454031842
3,1,1,2,2,2,3,2,2,2,2,2,50.0,1,1,0.5238789159026513
1,1,2,2,1,3,1,1,4,1,1,3,43.8,1,1,0.4740957854179297
0,0,2,0,0,0,1,2,0,1,2,2,20.8,0,0,0.18036501509150218
1,0,1,1,2,2,3,3,2,3,3,2,47.9,1,1,0.4928398740585936
1,1,2,0,0,1,1,2,1,0,2,2,27.1,0,0,0.19627777634901586
0,1,0,0,0,2,1,0,2,0,2,1,18.8,0,0,0.272762954363698
2,3,3,4,3,3,3,4,4,4,2,4,81.2,2,2,0.80519458858073
3,2,2,4,4,3,3,3,4,4,4,4,83.3,2,2,0.873264007721558
1,3,3,1,1,0,1,1,2,2,1,2,37.5,2,1,0.49192834198914176
2,2,0,2,1,3,3,1,2,2,1,3,45.8,1,1,0.5078635190316091
0,1,0,0,0,0,0,1,0,0,0,0,4.2,0,0,0.00017993154678924705
1,1,0,2,0,1,2,1,1,1,1,0,22.9,1,0,0.29163276747024813
0,1,2,0,1,1,2,0,0,1,2,3,27.1,0,0,0.2346488475897993
2,1,2,3,2,2,3,3,2,3,4,4,64.6,1,1,0.5998010109859653
1,0,2,0,1,0,2,1,2,1,0,2,25.0,0,0,0.21037446218063105
4,3,2,2,3,2,4,3,1,3,3,3,68.8,2,2,0.7088374704780728
0,1,2,1,0,1,1,0,1,1,2,2,25.0,1,0,0.18604103718448264
2,4,2,4,3,3,4,2,3,4,4,4,81.2,2,2,0.9108182816737517
0,1,2,2,1,2,2,1,2,1,2,3,39.6,2,1,0.39600940728744694
2,3,2,3,2,3,2,3,4,2,3,4,68.8,1,1,0.5612773905062569
1,0,3,1,2,2,1,1,2,0,2,2,35.4,1,1,0.39465844368263436
1,0,3,2,3,2,1,2,2,1,3,2,45.8,1,1,0.4376231039304195
0,2,1,1,0,3,1,2,2,2,2,1,35.4,1,1,0.39140313538667865
1,2,1,2,2,3,1,4,3,2,3,4,58.3,1,1,0.4809317599236653
1,2,0,2,2,2,2,1,3,4,2,3,50.0,1,1,0.5217432873179723
0,1,1,0,0,1,1,0,1,1,0,3,18.8,0,0,0.28700677306887545
0,0,0,2,1,0,2,1,1,1,1,1,20.8,0,0,0.24956818879726048
0,2,0,2,1,1,2,0,2,0,0,0,20.8,0,0,0.21504189051435765
0,1,1,1,1,0,1,1,2,2,1,0,22.9,0,0,0.23649610024662254
3,3,3,4,4,4,4,4,4,3,3,3,87.5,2,2,1.0
2,1,2,2,2,1,3,3,1,2,3,2,50.0,1,1,0.49423812029664144
0,1,2,1,2,2,3,2,3,3,4,3,54.2,1,1,0.5201099046714968
0,1,2,1,3,2,2,2,2,0,1,2,37.5,0,0,0.3050654396007612
1,2,1,4,4,2,3,2,3,3,3,3,64.6,2,1,0.6105525932957984
4,1,1,2,1,1,2,2,2,3,2,3,50.0,1,1,0.618703030556038
2,0,1,1,0,0,1,2,3,1,2,1,29.2,0,0,0.2638730222029185
1,3,0,2,3,2,3,1,2,2,0,1,41.7,1,1,0.38569950872695163
1,3,3,3,3,2,4,3,3,3,4,3,72.9,2,2,0.6633431532301096
2,0,0,2,1,1,2,1,2,3,3,3,41.7,1,1,0.3853654606981312
1,3,1,1,0,3,1,2,2,3,2,2,43.8,1,1,0.5302635465239033
1,0,0,0,0,1,0,0,1,0,2,2,14.6,0,0,0.12457241499806421
1,2,2,1,1,2,2,2,3,2,1,2,43.8,1,1,0.49358616534070077
2,1,3,1,2,2,2,2,4,2,4,3,58.3,1,1,0.532876241030348
2,2,4,1,1,1,2,1,2,4,3,2,52.1,1,1,0.5321357215450273
2,4,2,4,4,4,3,4,4,3,3,3,83.3,2,2,0.8421920754235285
2,3,1,2,1,2,3,2,3,2,3,3,56.2,2,2,0.6613711269058647
0,1,1,0,0,2,0,1,2,4,0,2,27.1,0,0,0.245353430151398
0,0,0,0,1,0,1,1,1,0,1,1,12.5,0,0,0.17558433647093513
1,2,1,1,1,3,2,3,3,2,2,4,52.1,1,1,0.5964087168288357
2,1,1,1,2,1,0,0,1,1,1,1,25.0,0,0,0.31894704889246406
1,2,2,1,2,2,3,1,1,1,1,3,41.7,1,1,0.37723921848630076
4,4,2,4,2,4,3,4,3,4,3,3,83.3,2,2,0.8597400069849859
1,1,2,4,4,2,3,3,3,2,3,3,64.6,1,1,0.5701172742310898
1,2,2,2,1,2,3,3,3,2,2,3,54.2,1,1,0.4702436496640008
3,1,1,3,2,2,2,2,2,4,3,3,58.3,1,1,0.6375706813311619
2,2,2,3,1,2,3,2,2,3,3,1,54.2,1,1,0.48499444129674735
2,2,2,2,3,3,3,3,2,2,3,3,62.5,1,1,0.5125576453471542
2,3,3,2,4,3,4,2,3,4,4,4,79.2,2,2,0.7826928175716131
2,1,1,2,1,2,2,1,3,3,1,2,43.8,1,1,0.5015579047581468
0,2,3,2,3,1,3,2,3,3,2,2,54.2,2,2,0.6903724913104798
3,3,3,3,3,1,2,3,4,4,4,4,77.1,1,2,0.6559949117405706
1,1,1,1,1,1,3,0,3,1,1,3,35.4,1,1,0.35945050632249725
1,1,1,2,1,0,1,1,0,0,0,0,16.7,0,0,0.11530386516816722
0,0,0,1,0,2,0,1,1,0,3,0,16.7,0,0,0.10086076505436929
0,0,0,0,0,0,1,0,0,0,0,0,2.1,0,0,0.0
0,1,2,0,1,0,2,0,0,1,0,0,14.6,0,0,0.1361038252310498
1,1,2,0,1,2,2,3,2,2,2,2,41.7,1,1,0.3676910206592502
1,2,1,1,1,3,0,2,2,0,2,2,35.4,1,1,0.36420151601363693
2,0,3,2,3,3,2,3,2,1,4,2,56.2,1,1,0.6009817089342634
2,2,3,3,3,2,2,3,4,3,4,4,72.9,2,2,0.7311849654822277
1,1,1,2,3,2,3,1,2,1,2,2,43.8,1,1,0.4252435805344309
3,2,3,4,2,4,3,2,4,4,4,4,81.2,2,2,0.8981765486991595
1,1,1,1,2,0,1,1,1,0,0,1,20.8,0,0,0.16751686164913776
0,1,0,1,2,0,0,0,0,0,0,1,10.4,0,0,0.0
1,1,3,1,3,4,3,2,3,3,4,4,66.7,2,2,0.7290942572590742
0,3,1,2,1,2,1,2,1,1,2,1,35.4,1,1,0.3610427533236404
1,2,3,2,2,3,1,2,3,2,4,4,60.4,1,1,0.6354601253043108
3,3,2,3,2,4,4,3,3,4,3,2,75.0,1,1,0.6022570432009641
4,3,4,3,2,4,4,4,4,3,3,4,87.5,2,2,1.0
1,2,1,2,3,1,2,1,2,2,2,2,43.8,0,0,0.33842728185105186
0,0,0,0,1,1,0,0,1,2,1,1,14.6,0,0,0.256390912005236
1,2,2,0,3,3,1,2,2,2,3,1,45.8,1,1,0.5594754341665286
2,4,2,4,4,2,4,4,3,4,4,4,85.4,2,2,0.8853415558780309
4,3,2,3,4,4,4,4,4,4,4,3,89.6,2,2,0.8758928589786765
2,3,1,2,3,1,2,1,2,1,2,4,50.0,2,1,0.5281191423969376
1,2,1,3,3,3,2,2,1,4,2,3,56.2,1,1,0.5104201103951876
2,1,3,2,3,2,1,2,2,2,2,1,47.9,1,1,0.49374068721004777
2,3,2,2,2,2,2,2,2,1,2,2,50.0,1,1,0.4246035411133324
2,3,3,3,4,3,2,3,3,2,4,4,75.0,2,2,0.7719324923133226
2,3,2,3,2,2,2,4,2,3,1,4,62.5,1,1,0.6307043185804615
2,2,2,2,4,1,3,1,2,2,2,2,52.1,1,1,0.490166037320525
0,2,0,2,1,1,2,0,2,1,2,1,29.2,1,1,0.40114088928490826
1,2,1,1,0,2,3,4,2,2,0,3,43.8,2,1,0.38964106827842293
1,0,2,1,0,1,0,2,0,0,0,2,18.8,0,0,0.21798941511534786
3,2,3,3,3,3,4,3,4,4,4,4,83.3,2,2,0.93920022863446
3,2,1,3,2,4,1,3,4,2,3,3,64.6,1,1,0.5918316606002313
2,2,2,2,3,3,3,3,3,2,3,3,64.6,1,1,0.6429499396376823
0,1,1,3,0,1,3,2,2,2,1,0,33.3,1,1,0.40103718634296626
3,2,2,3,4,4,4,3,3,4,4,4,83.3,2,2,0.8940771187988217
0,2,2,0,2,2,2,1,3,1,1,0,33.3,2,1,0.40175126064616906
2,1,1,0,0,0,0,0,0,1,1,1,14.6,0,0,0.17753668500029754
3,4,4,3,3,3,4,4,4,4,3,3,87.5,2,2,0.8550052099024552
1,1,1,0,0,0,0,0,1,1,1,0,12.5,0,0,0.10316555451363647
1,1,3,1,1,2,2,3,2,1,1,2,41.7,1,1,0.5105375506145959
2,1,3,3,2,4,3,2,2,4,3,3,66.7,2,2,0.6665974505081795
2,3,2,3,4,2,2,2,4,4,3,3,70.8,2,2,0.7398632356048787
2,1,2,1,1,2,2,2,3,0,2,2,41.7,1,1,0.5319781934142537
2,0,1,2,0,2,1,1,1,1,4,2,35.4,0,0,0.3407006266468331
3,2,1,2,3,1,3,3,4,2,2,2,58.3,1,1,0.5440474737960399
2,0,0,1,0,1,2,0,0,3,0,0,18.8,0,0,0.19803622010733188
3,2,2,2,3,2,3,1,3,2,4,3,62.5,2,1,0.5552489954417148
1,2,3,2,1,2,2,2,3,1,3,2,50.0,1,1,0.5223914134064661
1,2,2,0,2,2,3,2,3,4,4,4,60.4,1,1,0.6364140429973845
1,2,2,2,2,2,3,2,3,3,3,1,54.2,1,1,0.5125224502647907
2,2,2,1,1,3,1,2,3,2,2,1,45.8,1,1,0.4570594458874747
1,0,1,1,2,1,0,2,1,0,1,2,25.0,1,0,0.21222975030322838
2,2,3,1,1,1,3,2,4,3,2,3,56.2,1,1,0.5543298029036388
1,0,3,1,1,1,1,1,0,1,1,0,22.9,0,0,0.20488600703257046
3,2,2,3,2,2,3,2,2,2,2,4,60.4,1,1,0.5040591691203883
0,0,3,2,1,2,3,2,4,1,3,3,50.0,1,1,0.42980083121932444
3,2,2,3,3,3,4,2,3,3,3,4,72.9,2,2,0.7337099082449052
1,3,1,1,1,1,1,2,2,1,1,1,33.3,2,1,0.3597394728200306
1,2,0,1,2,0,1,1,1,2,2,1,29.2,1,1,0.374957674318694
1,2,2,0,1,0,0,0,0,0,0,0,12.5,0,0,0.0756136764608715
1,2,2,2,1,2,3,3,2,2,2,1,47.9,1,1,0.4307094802204093
1,2,2,1,2,1,2,2,2,2,2,2,43.8,1,1,0.42815927344308025
1,1,2,2,0,1,1,1,3,1,2,2,35.4,1,0,0.28949243769444416
0,0,0,0,0,1,2,1,0,0,0,0,8.3,0,0,0.17050503217079724
3,3,1,3,4,4,4,2,4,3,2,3,75.0,1,1,0.6247742072673734
0,1,0,0,2,0,1,1,2,0,1,0,16.7,0,0,0.13265093757561314
3,4,2,2,2,3,4,3,3,3,3,3,72.9,2,2,0.8278994162223803
2,0,2,1,2,1,2,2,2,2,2,2,41.7,1,1,0.41646529467402427
1,1,1,1,1,2,3,3,1,3,2,2,43.8,1,1,0.4145149127773389
0,0,1,0,1,1,0,1,0,1,0,2,14.6,1,0,0.08124015809704872
4,3,1,3,2,4,4,3,4,4,4,4,83.3,2,2,0.8309820710227028
1,3,2,1,3,4,2,4,3,2,2,4,64.6,1,1,0.5633776880932099
1,2,1,2,3,2,2,3,4,3,2,2,56.2,1,1,0.5413799097451498
3,3,2,3,3,2,2,3,3,4,4,3,72.9,2,2,0.7814712341122292
3,2,3,3,4,3,4,4,3,4,4,3,83.3,2,2,0.7870179300266574
4,4,3,3,3,4,4,4,4,4,3,4,91.7,2,2,0.804381147197911
1,2,2,2,2,3,1,1,4,3,0,2,47.9,1,1,0.48529979983715116
0,1,0,2,1,2,1,3,2,4,4,3,47.9,1,1,0.596387911679491
1,3,0,0,2,3,2,2,1,3,3,3,47.9,1,1,0.42105230015913514
1,1,1,2,1,1,1,1,2,2,2,2,35.4,1,1,0.44425082149921663
1,0,1,1,0,2,1,2,3,2,2,1,33.3,1,1,0.3630197020420922
2,2,1,1,0,2,2,3,2,3,2,3,47.9,1,1,0.4911717951648745
3,4,2,4,2,4,4,4,3,4,4,4,87.5,1,2,1.0
0,3,1,1,1,1,0,0,0,0,0,0,14.6,0,0,0.11963254320302692
2,3,3,3,2,1,1,2,2,3,2,3,56.2,2,2,0.6639116805444067
1,1,2,0,2,1,1,2,2,1,2,2,35.4,1,1,0.3677700814076441
1,2,2,3,0,2,1,2,1,2,2,2,41.7,1,1,0.44464117582920054
0,0,2,1,1,2,1,1,1,1,1,0,22.9,0,0,0.2568983079185275
2,1,1,0,2,1,1,2,2,2,0,4,37.5,1,1,0.3628396623128538
2,1,0,0,0,2,1,0,0,2,2,2,25.0,0,0,0.1620872259012513
2,1,0,2,2,2,2,1,3,3,3,3,50.0,1,1,0.47964196398976383
2,1,1,2,2,3,2,4,4,2,0,3,54.2,1,1,0.4418319086051356
1,1,1,1,2,0,1,2,2,2,1,1,31.2,1,1,0.3985243269307133
2,3,4,1,3,2,2,4,4,4,4,3,75.0,2,2,0.7350722454933993
1,3,1,2,1,0,0,1,2,2,2,1,33.3,1,1,0.3776059733237743
2,0,1,1,1,2,0,0,1,1,4,2,31.2,0,0,0.20340834682592263
2,2,1,2,3,4,4,3,3,3,3,4,70.8,2,2,0.7230026768941359
1,1,0,1,2,0,0,2,0,2,1,1,22.9,0,0,0.22337859117907477
1,2,4,3,2,3,2,4,3,1,2,4,64.6,1,1,0.6444104353796373
1,0,0,0,1,3,2,3,2,2,3,1,37.5,0,0,0.23308802322144573
3,4,4,3,3,4,4,4,3,4,3,4,89.6,2,2,0.8833528961608925
0,2,0,0,1,1,0,1,0,0,0,0,10.4,0,0,0.0006264357428544531
4,4,3,4,3,3,3,3,3,4,4,4,87.5,1,2,0.8374056569847572
3,2,1,1,2,2,3,3,4,2,1,3,56.2,1,1,0.6227668992473292
2,3,3,3,1,2,3,3,4,4,3,3,70.8,2,2,0.6790358981308795
1,1,2,2,0,1,2,2,2,2,3,2,41.7,1,1,0.36725723868377036
1,1,2,0,2,2,1,2,3,3,3,3,47.9,1,1,0.5419019009366045
2,3,3,1,4,3,2,2,3,3,4,3,68.8,2,2,0.7294988144241592
1,2,2,2,2,2,2,3,3,2,3,0,50.0,1,1,0.4944230922342294
3,0,1,2,2,3,1,3,2,3,3,3,54.2,1,1,0.5558326912521723
1,1,2,3,1,1,3,2,3,2,1,2,45.8,1,1,0.5076005391412411
1,2,1,3,2,2,2,2,2,3,2,4,54.2,1,1,0.5538755992446369
1,0,2,1,2,3,1,2,0,2,1,1,33.3,1,1,0.40793264069206336
1,2,3,2,1,3,2,0,3,1,3,2,47.9,2,1,0.5169360824036078
3,3,1,2,2,4,2,2,3,3,3,2,62.5,2,2,0.658628550309502
2,0,0,1,2,0,2,1,1,0,1,0,20.8,0,0,0.18887739386512997
1,0,0,0,0,1,1,1,0,1,3,0,16.7,0,0,0.10960923585352103
4,2,1,2,4,2,2,4,3,4,4,4,75.0,2,2,0.7264470057410234
3,3,2,4,3,4,4,4,4,3,3,3,83.3,2,2,0.9236093175210438
2,2,3,2,2,1,3,4,4,3,3,4,68.8,1,1,0.6091310120594269
2,2,2,1,2,2,2,4,3,3,2,2,56.2,1,1,0.5609138120907177
0,0,1,0,1,1,0,2,0,1,0,1,14.6,0,0,0.09076872353274211
1,1,0,1,2,1,1,0,0,1,1,2,22.9,0,0,0.16835915503051982
2,2,2,1,1,3,3,2,1,3,3,3,54.2,0,1,0.6213097699979183
3,0,1,2,3,1,4,2,2,2,2,3,52.1,1,1,0.5141716913639904
1,3,2,2,4,3,3,4,2,4,1,3,66.7,2,2,0.7319329539981694
0,1,1,1,1,0,0,2,2,2,0,2,25.0,0,0,0.23933178393943721
2,4,4,3,3,4,4,3,3,3,4,4,85.4,2,2,0.8192049116490032
2,2,4,2,3,3,4,3,4,4,4,2,77.1,2,2,0.7690883535797499
0,2,2,1,1,2,3,2,3,1,2,4,47.9,1,1,0.5133540904782282
2,2,4,1,2,3,2,3,1,2,3,3,58.3,1,1,0.4847530163619456
3,3,2,3,2,3,2,3,3,1,2,3,62.5,1,1,0.570810867668859
2,4,4,4,2,4,4,4,4,4,4,4,91.7,2,2,0.8956702316794585
1,2,3,0,2,1,3,1,1,2,3,3,45.8,1,1,0.421401053949205
0,1,1,0,0,0,0,0,1,1,1,0,10.4,0,0,0.06687670464422221
2,1,2,2,3,3,2,2,4,4,3,3,64.6,1,1,0.6163794626896704
2,3,3,2,2,3,4,3,4,3,3,4,75.0,2,2,0.8507991326912544
2,3,4,2,3,2,1,3,4,4,4,3,72.9,2,2,0.6896633393826127
0,2,1,1,1,2,2,0,0,2,1,1,27.1,0,0,0.28471094070475167
3,2,2,3,2,3,2,3,3,1,2,4,62.5,2,1,0.5388578604530965
3,2,2,3,4,2,2,3,4,3,4,3,72.9,2,2,0.749299951743279
1,2,3,3,2,2,3,4,4,4,3,3,70.8,2,2,0.7993929088460107
3,3,3,2,3,3,4,4,4,4,4,4,85.4,2,2,0.8838490774451643
1,1,1,1,1,1,1,2,1,0,2,0,25.0,0,0,0.2081829358547565
0,1,1,0,0,0,0,2,1,1,0,0,12.5,0,0,0.19011103468088575
3,2,2,3,2,2,3,2,2,3,2,3,60.4,1,1,0.5919076482987768
4,2,1,1,3,2,3,3,2,2,4,4,64.6,2,2,0.7709725455811349
2,1,3,4,3,3,3,2,4,4,2,4,72.9,2,2,0.8267392314071903
1,1,1,0,1,0,0,1,2,1,2,1,22.9,0,0,0.23216978061960136
2,1,1,1,1,2,1,1,1,4,2,2,39.6,1,1,0.4331909546356951
1,3,2,2,1,2,2,2,3,1,3,3,52.1,1,1,0.5992042349536523
2,2,3,3,3,3,4,3,2,4,4,4,77.1,2,2,0.7825040243304592
1,2,2,3,2,3,2,3,3,3,3,3,62.5,2,2,0.7244254840507156
3,3,2,4,4,3,4,4,4,4,3,4,87.5,2,2,0.8536509843570403
1,2,2,2,2,1,1,1,2,3,1,2,41.7,1,1,0.41015320182089626
2,1,2,2,2,2,3,1,2,3,3,4,56.2,1,1,0.5028181157369128
0,2,0,2,1,0,1,1,1,1,1,2,25.0,0,0,0.19908810033557967
1,2,1,2,1,1,2,1,3,2,1,0,35.4,0,0,0.30858955658315784
3,3,4,4,3,4,4,4,4,2,4,3,87.5,2,2,0.8474698232879954
2,3,3,4,3,2,1,3,3,3,2,3,66.7,2,2,0.7974973041254857
3,3,3,4,3,4,4,4,3,4,4,3,87.5,2,2,0.8817766299200287
3,3,4,2,4,4,4,4,4,4,4,4,91.7,1,2,0.9390207549017314
2,0,2,1,3,2,2,3,3,2,3,2,52.1,1,1,0.5557810306351862
0,1,2,2,1,3,2,2,3,2,3,2,47.9,1,1,0.501035261984338
1,3,4,3,3,2,1,4,4,4,3,2,70.8,2,2,0.6688163767649841
1,1,2,4,3,3,4,3,4,4,3,3,72.9,2,2,0.6934886336924628
1,0,0,2,2,1,0,0,1,0,1,2,20.8,0,0,0.16947752956453324
2,3,1,1,2,2,3,2,3,2,3,2,54.2,1,1,0.4390487797840717
1,1,2,1,1,2,0,0,1,1,1,1,25.0,0,0,0.1813028697014554
3,2,3,4,4,4,3,4,2,3,4,4,83.3,2,2,0.8056649924897108
1,2,2,2,2,2,2,1,2,2,2,3,47.9,0,1,0.5529692754356731
1,1,1,1,0,0,1,1,2,2,0,1,22.9,0,0,0.19295012219409088
2,3,3,2,1,1,2,3,2,3,3,2,56.2,1,1,0.5486501643826202
3,1,3,1,1,2,2,2,2,3,2,2,50.0,1,1,0.5064474414810121
0,1,1,2,0,0,2,2,1,0,3,3,31.2,0,0,0.3024533433646128
0,0,2,0,0,0,0,0,1,0,1,1,10.4,0,0,0.10606646061812458
0,1,3,2,1,3,3,2,1,2,2,2,45.8,1,1,0.48559124442783846
2,0,0,2,1,1,0,2,2,2,2,2,33.3,1,1,0.37903052571588924
3,1,2,1,1,1,3,2,2,2,2,2,45.8,1,1,0.5599928729996204
2,1,3,1,2,4,2,2,3,3,2,2,56.2,2,2,0.6530750832343697
4,3,2,4,4,3,3,4,4,2,4,4,85.4,2,2,0.9218761851697317
3,3,1,3,1,0,2,2,2,2,3,2,50.0,1,1,0.47865571290697917
1,3,2,0,3,3,3,3,2,3,2,3,58.3,1,1,0.6490726136849952
4,2,2,2,3,2,4,4,4,2,4,4,77.1,2,2,0.8148667457202112
2,2,2,3,3,1,3,2,2,1,2,1,50.0,1,1,0.46629140288819604
0,0,0,0,1,0,0,1,0,1,1,1,10.4,0,0,0.13865973364590603
2,0,0,1,1,1,2,1,1,1,0,1,22.9,0,0,0.1697530313511872
3,2,2,2,2,2,2,2,2,2,1,2,50.0,1,1,0.4611823181458771
0,2,2,2,2,2,3,3,2,2,3,1,50.0,1,1,0.5170416222375488
1,3,3,2,1,2,2,2,2,2,1,3,50.0,1,1,0.5160573981049864
0,1,1,0,0,0,0,1,0,2,2,2,18.8,0,0,0.20030460201534145
1,2,1,1,1,2,2,1,1,2,2,1,35.4,0,0,0.243693816974635
0,1,2,3,0,1,1,2,1,1,2,1,31.2,0,0,0.3190646274786342
1,1,3,2,2,2,3,3,3,3,3,3,60.4,1,1,0.5949554135441324
0,1,0,3,2,1,1,1,3,0,2,2,33.3,1,1,0.35151020315500964
1,1,0,1,0,1,2,0,0,1,1,2,20.8,0,0,0.24460788650980453
2,2,2,2,3,2,3,3,3,3,3,3,64.6,1,1,0.5934319911239274
2,2,3,1,4,1,2,3,3,4,2,3,62.5,2,2,0.6633121301584579
0,2,2,3,2,3,2,2,1,2,1,3,47.9,1,1,0.47752345981073163
1,2,1,2,2,1,1,2,1,1,3,2,39.6,1,1,0.38298869739406405
1,2,1,2,1,0,3,2,1,2,1,2,37.5,0,0,0.31980195624199803
0,1,3,2,2,1,4,3,2,2,3,4,56.2,0,1,0.5541462728204788
3,4,1,1,1,3,2,2,3,4,1,2,56.2,1,1,0.5759155160302647
3,2,2,4,2,3,3,3,4,3,4,3,75.0,2,2,0.7423489599273281
2,2,1,0,2,2,3,2,2,4,1,3,50.0,1,1,0.5408957707855091
0,0,0,0,1,2,1,1,0,1,2,0,16.7,0,0,0.14537555517475173
2,2,3,1,3,3,2,4,3,4,4,3,70.8,2,2,0.8391804005402547
0,1,2,0,2,2,0,2,2,1,3,3,37.5,1,1,0.3521088431225871
1,0,0,1,1,1,0,2,1,1,2,2,25.0,0,0,0.2183359919779156
0,2,1,2,2,2,2,1,2,3,3,1,43.8,1,1,0.4984690150827004
4,2,3,3,3,4,3,3,4,4,3,4,83.3,2,2,0.8579291499601089
3,2,2,1,2,1,2,3,2,2,1,3,50.0,1,1,0.5119580368414153
2,1,1,1,2,2,2,2,3,2,2,3,47.9,1,1,0.40269310591184443
2,3,3,1,3,3,2,3,2,3,2,4,64.6,1,1,0.6196571501664492
0,0,0,1,1,1,0,0,1,2,0,2,16.7,0,0,0.184147042697303
1,1,0,0,2,0,0,2,0,0,1,1,16.7,0,0,0.19726954604900682
1,0,2,0,0,0,1,1,1,0,0,1,14.6,0,0,0.1066732040926804
1,1,1,0,2,1,0,0,0,1,0,0,14.6,0,0,0.155671774880849
1,0,1,0,1,0,0,1,1,1,0,0,12.5,0,0,0.11151972859730991
1,0,0,1,0,2,2,0,2,1,1,0,20.8,0,0,0.1827053940076577
3,3,2,2,1,3,3,3,3,2,3,4,66.7,2,2,0.6711708480142343
0,0,0,0,0,1,1,0,0,0,0,0,4.2,0,0,0.06280988570686438
1,1,1,1,2,1,2,0,0,2,0,1,25.0,0,0,0.33864386021232584
3,4,4,4,4,4,3,4,3,4,3,4,91.7,2,2,0.9471170327493609
2,3,0,1,2,2,2,1,2,3,2,3,47.9,1,1,0.4790676322848134
1,1,2,2,3,1,2,1,2,3,0,2,41.7,1,1,0.43309272613400834
1,0,1,2,1,1,1,1,0,2,2,2,29.2,1,0,0.30399046873960767
0,0,0,0,0,0,1,0,0,0,0,0,2.1,0,0,0.1394384460263136
3,2,2,2,1,1,1,3,1,1,1,2,41.7,1,1,0.3826009713546936
1,1,0,2,1,1,2,1,1,2,1,1,29.2,0,0,0.26779258713392695
1,2,1,1,1,0,1,1,1,1,1,0,22.9,0,0,0.15120885918542976
1,0,1,3,2,2,3,1,1,3,2,2,43.8,1,1,0.41573082132655037
0,1,1,0,0,0,1,0,2,1,0,0,12.5,0,0,0.13942850769966617
1,0,1,1,2,2,2,1,0,1,2,0,27.1,0,0,0.2742095372009307
2,4,3,3,2,3,2,3,3,3,4,2,70.8,1,1,0.5299292580406492
1,1,0,1,0,2,1,1,1,1,2,2,27.1,0,0,0.33017412893987985
2,2,3,2,3,3,3,3,2,1,3,4,64.6,2,2,0.6561511196726852
3,3,2,0,0,1,2,3,3,2,2,2,47.9,1,1,0.5032004149065766
2,2,2,1,2,2,1,1,2,2,3,2,45.8,1,1,0.42465821296538164
0,1,1,0,0,2,2,2,2,1,2,0,27.1,0,0,0.24599721429391166
1,0,1,1,2,2,1,2,2,1,1,1,31.2,1,1,0.4322284630247894
3,2,3,1,4,4,1,2,3,4,3,3,68.8,2,2,0.7013387247526623
0,1,2,0,2,0,0,2,2,2,0,1,25.0,1,0,0.21365353310827376
3,3,2,3,2,4,4,4,4,3,4,4,83.3,2,2,0.7634678448687892
3,3,1,3,4,4,4,3,2,3,4,4,79.2,2,2,0.8184680305864909
1,2,0,0,0,0,0,0,1,0,1,1,12.5,1,0,0.06528737104703036
0,1,0,0,0,1,0,0,1,0,1,1,10.4,0,0,0.10283859614893485
4,4,2,3,3,4,4,4,4,3,4,4,89.6,2,2,0.9200413907944426
2,1,1,1,2,1,3,1,2,3,3,2,45.8,0,1,0.4343105721028604
0,0,1,2,0,0,0,0,0,2,1,1,14.6,0,0,0.09530890173180605
0,0,2,1,0,0,0,1,2,1,1,2,20.8,0,0,0.25366527525272864
1,4,2,2,2,3,3,3,2,2,4,3,64.6,1,1,0.6185704154662997
2,1,2,2,3,0,2,1,3,2,2,3,47.9,1,1,0.5718953310665067
1,2,1,1,3,1,2,3,2,2,3,4,52.1,1,1,0.5996047685805816
0,1,0,1,2,1,1,1,2,3,1,2,31.2,2,1,0.4243204911430539
2,2,0,1,2,1,0,2,3,2,1,1,35.4,1,1,0.3578189333258156
3,3,3,3,2,2,3,3,4,4,2,3,72.9,2,2,0.6501333651955487
1,1,0,3,0,0,1,2,0,1,2,1,25.0,0,0,0.16773201611578642
0,1,1,1,2,1,1,1,1,1,1,2,27.1,0,0,0.17491669835449528
3,1,2,2,2,3,3,3,1,2,4,1,56.2,1,1,0.6328194141849058
4,3,4,3,2,4,4,4,3,4,4,3,87.5,2,2,0.855623000940066
3,1,1,1,1,2,3,2,1,3,4,2,50.0,1,1,0.5455887772081608
2,3,4,2,2,3,4,3,3,4,4,3,77.1,2,2,0.7165002344901084
0,0,1,0,0,1,1,1,1,0,1,1,14.6,0,0,0.13564817696198572
2,2,2,3,2,2,4,3,2,3,3,3,64.6,1,1,0.5927840128081238
2,3,2,2,3,2,2,2,2,2,2,2,54.2,1,1,0.5057013124897084
0,0,0,1,1,1,0,2,2,1,3,0,22.9,0,0,0.2268592278863257
3,0,1,0,1,2,1,2,2,1,1,2,33.3,1,1,0.3528468426412532
1,3,3,1,3,4,2,3,3,2,3,2,62.5,1,1,0.5507835756289624
1,1,1,2,0,1,3,1,1,1,1,3,33.3,0,0,0.25382960790496334
2,1,2,1,2,2,3,2,3,4,3,3,58.3,1,1,0.6072507337309803
1,0,0,0,1,3,1,0,0,1,1,0,16.7,0,0,0.16350472704571148
2,0,1,2,1,2,1,3,1,2,2,2,39.6,1,1,0.41607903326609935
0,1,1,1,0,0,2,1,0,1,0,0,14.6,0,0,0.09551908059789666
1,2,4,3,0,3,3,2,3,2,2,4,60.4,1,1,0.6033643410623999
2,1,2,3,4,3,3,4,3,3,4,4,75.0,1,2,0.7056207129940322
1,1,1,1,1,1,3,2,2,2,3,2,41.7,1,1,0.3896791634278317
2,2,1,2,2,1,3,1,2,3,2,2,47.9,1,1,0.4778746376414228
2,2,0,1,3,1,2,2,2,2,3,2,45.8,1,1,0.47231867001110794
1,0,1,1,1,0,2,2,0,1,1,3,27.1,0,0,0.2307406697809101
2,3,1,1,2,2,2,2,2,4,4,4,60.4,1,1,0.5815737212539297
2,2,2,1,3,1,2,3,4,3,4,3,62.5,1,1,0.5860473488359745
0,2,2,2,1,3,1,1,1,2,1,2,37.5,2,1,0.44169225614310614
1,1,0,2,3,2,3,3,3,2,2,3,52.1,1,1,0.48328782862135883
0,0,1,0,0,1,1,0,1,2,0,2,16.7,0,0,0.22825799504883
0,2,0,1,0,1,1,1,0,0,2,1,18.8,0,0,0.1751308873816453
3,2,2,3,1,2,4,2,1,4,2,3,60.4,2,2,0.6607345576019993
2,0,2,2,2,3,2,3,2,1,2,1,45.8,1,1,0.5490974951638251
3,1,2,2,2,3,2,3,3,2,4,2,60.4,1,1,0.5734877786049818
3,2,2,3,1,2,1,3,2,3,2,2,54.2,1,1,0.5662881268667412
3,3,2,4,3,2,3,3,4,4,4,4,81.2,2,2,0.9173473857485326
1,1,2,3,2,2,3,3,2,3,3,2,56.2,1,1,0.5181021558703707
0,0,0,0,1,0,1,0,0,1,1,0,8.3,0,0,0.07031680520441536
1,1,1,1,2,0,1,1,1,2,2,1,29.2,0,0,0.23996879517526418
1,0,1,2,1,1,0,0,1,0,0,0,14.6,0,0,0.1348643106208171
0,0,1,0,1,0,0,1,2,1,0,0,12.5,0,0,0.14713833182502434
1,1,1,0,0,2,2,0,2,0,2,1,25.0,0,0,0.25863640187550935
2,0,2,1,2,2,1,1,2,1,1,1,33.3,0,0,0.3238283071433636
0,0,2,1,0,1,0,1,1,2,0,0,16.7,0,0,0.20212715767360617
0,1,2,0,0,2,2,1,2,0,2,3,31.2,0,0,0.2308833012598964
4,2,3,4,3,4,4,3,4,3,4,4,87.5,2,2,0.9702214944635239
2,2,0,0,1,0,1,2,2,1,1,0,25.0,0,0,0.22407531794885685
2,3,3,2,3,2,1,2,2,4,3,3,62.5,2,2,0.7601683114180395
1,0,3,1,2,1,3,2,2,2,4,3,50.0,1,1,0.5565509645631544
2,1,1,2,3,3,1,2,2,3,3,3,54.2,1,1,0.6239237240844182
1,0,2,1,1,2,2,2,0,3,2,3,39.6,0,0,0.27533416211045325
3,3,3,3,4,2,1,2,3,2,2,1,60.4,1,1,0.5381158384882778
2,4,4,4,4,4,2,4,4,4,4,4,91.7,2,2,0.9289752754082746
3,3,2,3,3,4,3,4,4,4,4,3,83.3,2,2,0.8673181351269958
2,3,2,3,2,3,3,3,3,3,4,4,72.9,2,2,0.7861544016016226
0,2,0,0,0,1,0,0,0,1,0,0,8.3,0,0,0.07757017637106343
2,1,0,0,2,1,0,0,0,0,0,0,12.5,0,0,0.17909767427139747
1,2,1,1,3,3,1,1,1,2,2,2,41.7,1,1,0.41494795457906997
2,2,3,2,4,2,3,2,3,3,3,4,68.8,2,2,0.7419476550195278
2,1,1,3,3,2,3,3,4,1,3,3,60.4,1,1,0.558857840442061
1,2,2,2,2,3,3,4,2,2,4,4,64.6,2,2,0.6669904504351406
1,1,1,1,1,1,0,0,1,1,0,1,18.8,0,0,0.23946715298229812
0,2,1,0,1,2,1,1,2,2,1,2,31.2,1,1,0.38041169379648154
0,1,1,0,0,1,2,0,2,1,1,0,18.8,1,0,0.24446026682201408
1,2,1,2,2,4,2,3,3,2,3,3,58.3,1,1,0.6196631486645652
0,2,1,1,2,1,3,3,1,3,1,4,45.8,0,1,0.43902170956806175
1,2,2,2,1,2,0,2,2,2,0,1,35.4,1,1,0.4865982833327082
0,1,1,1,1,0,1,1,1,1,2,1,22.9,0,0,0.20146881947291972
0,1,1,0,1,1,0,1,0,1,1,1,16.7,0,0,0.121510168691776
3,2,2,3,2,3,2,2,1,3,3,4,62.5,1,1,0.5648280433843859
1,0,0,1,2,1,2,1,0,0,1,1,20.8,0,0,0.18790518513922186
2,2,2,1,3,2,2,2,1,3,3,1,50.0,1,1,0.5419532443907028
1,1,0,2,1,0,1,1,0,1,0,1,18.8,0,0,0.11125078221979
1,1,2,2,2,1,1,1,2,3,2,3,43.8,1,1,0.45625416996765894
3,1,2,4,3,1,3,2,3,2,2,2,58.3,2,1,0.5722381357827772
0,1,0,0,0,1,2,0,0,1,2,1,16.7,0,0,0.1627166847908233
2,1,1,3,2,3,2,2,2,4,4,4,62.5,2,2,0.6726963851233405
1,0,2,1,1,1,0,2,1,1,1,1,25.0,0,0,0.16003638143853977
0,1,0,1,1,1,1,0,0,1,2,0,16.7,0,0,0.2224684725751886
3,3,3,2,3,4,4,3,4,4,4,4,85.4,2,2,0.8932590831873091
2,2,2,1,2,2,2,2,1,1,1,3,43.8,1,1,0.3581634267066968
1,2,2,3,3,1,2,2,2,3,2,4,56.2,1,1,0.6239191188019224
0,1,1,1,0,0,0,1,0,0,0,0,8.3,0,0,0.04743436854299052
1,3,2,2,3,4,4,2,1,4,4,3,68.8,1,1,0.6262584103427182
0,2,1,2,2,2,1,2,2,2,2,3,43.8,1,1,0.44481418541075535
2,3,0,2,3,3,3,2,4,4,4,2,66.7,2,2,0.7558199285668252
1,1,1,1,1,2,0,3,2,2,3,1,37.5,1,1,0.44357524013426114
1,2,3,2,2,2,3,4,3,2,3,3,62.5,1,1,0.5184551303197037
2,3,3,2,3,2,2,3,3,2,4,1,62.5,2,2,0.6542109952567876
4,4,3,4,4,3,4,4,4,4,3,4,93.8,2,2,1.0
3,3,3,4,3,4,4,4,4,4,4,4,91.7,2,2,1.0
4,3,3,4,3,4,2,4,4,3,4,4,87.5,2,2,0.9208366230593144
1,0,1,2,1,2,2,2,3,1,1,2,37.5,0,0,0.3024062525811463
2,2,3,2,2,1,4,2,2,2,2,2,54.2,1,1,0.5592526949201183
2,2,2,4,4,4,4,4,2,3,3,4,79.2,2,2,0.8778361076166639
0,0,1,1,0,0,0,0,0,0,0,0,4.2,0,0,0.14488142836714668
0,0,0,0,0,0,1,1,0,0,1,1,8.3,0,0,0.11818011165776929
2,3,2,3,2,3,1,2,2,3,3,3,60.4,0,1,0.49966255425890477
0,1,2,1,4,2,2,2,2,2,2,2,45.8,1,1,0.4829815377475072
2,4,4,3,2,3,4,4,4,4,4,4,87.5,2,2,0.7546771950672725
0,1,2,1,0,1,1,2,1,3,0,2,29.2,0,0,0.26963874474567157
1,1,2,2,1,1,2,3,3,3,3,3,52.1,1,1,0.595530520857051
0,0,1,1,1,1,1,1,0,1,1,0,16.7,0,0,0.20884068862918476
0,1,1,1,1,1,1,1,1,1,2,2,27.1,0,0,0.34775300810552623
0,2,0,2,0,0,1,1,0,0,0,0,12.5,0,0,0.0858310885866495
2,3,3,3,3,3,2,3,1,3,4,4,70.8,2,2,0.7806340540720282
1,2,0,2,0,1,2,3,2,2,2,1,37.5,2,1,0.4283177679397195
1,1,0,2,1,2,2,0,1,1,0,1,25.0,0,0,0.313346338292694
4,2,3,2,1,2,2,2,2,1,4,2,56.2,1,1,0.4917319314157301
2,3,3,3,4,3,2,3,3,4,4,4,79.2,2,2,0.7878252491616717
1,1,2,3,2,2,2,3,1,2,3,4,54.2,2,2,0.6513449743242131
2,3,3,4,4,3,3,3,4,4,4,4,85.4,2,2,0.8630811684554778
2,2,3,2,2,1,3,3,3,2,1,1,52.1,1,1,0.3975813175670795
2,4,2,3,3,2,4,1,2,2,3,4,66.7,2,2,0.6854092566334189
2,2,3,2,1,3,2,1,3,4,4,3,62.5,1,1,0.6221033695525353
2,3,1,3,2,3,2,3,3,1,4,2,60.4,1,1,0.5582097703468616
3,2,3,3,2,2,2,0,2,1,2,1,47.9,1,1,0.4773515901150168
0,3,2,1,2,1,2,1,3,2,2,2,43.8,1,1,0.404056076327652
0,1,0,1,2,0,1,1,0,1,1,2,20.8,0,0,0.16277932239289472
2,2,3,3,4,3,4,4,4,4,3,4,83.3,2,2,0.9088748619704187
2,2,1,3,2,3,2,2,2,3,2,3,56.2,2,2,0.6884586305934609
3,4,3,2,2,3,2,3,3,4,3,4,75.0,2,2,0.6543243528272189
2,2,4,1,2,2,4,4,4,3,4,4,75.0,2,2,0.7511150578213727
2,1,1,1,1,2,2,2,3,0,2,2,39.6,1,1,0.38803825667109887
2,1,1,2,2,1,1,2,0,0,2,2,33.3,0,0,0.21408862469112042
2,2,1,2,4,2,3,2,3,2,3,2,58.3,1,1,0.6231560634437149
0,2,1,4,0,1,2,2,1,2,2,2,39.6,0,1,0.5323167714184781
3,2,3,2,3,0,2,3,2,4,3,2,60.4,1,1,0.48523974137013315
0,0,0,0,1,0,1,1,0,2,1,1,14.6,0,0,0.1533963498131758
0,2,2,1,3,1,2,2,2,0,2,1,37.5,0,0,0.34052969327332044
1,3,2,1,2,1,3,2,3,4,2,3,56.2,1,1,0.5513600106569716
1,3,2,1,1,2,2,3,1,2,2,2,45.8,1,1,0.44672991603380885
2,2,3,3,3,0,3,2,3,4,2,3,62.5,2,2,0.6830083164289712
0,2,1,2,1,1,1,2,0,1,1,2,29.2,0,0,0.21277377867183506
0,0,1,0,0,1,1,1,2,0,0,1,14.6,0,0,0.19724850949493639
2,2,2,2,1,2,2,3,2,4,4,4,62.5,2,2,0.6772251596669744
0,2,3,1,2,1,0,1,3,0,2,2,35.4,1,1,0.366125921454787
1,1,2,1,1,2,3,3,1,1,2,3,43.8,1,1,0.4542903743413728
1,1,1,1,1,1,0,0,1,2,0,1,20.8,0,0,0.13977879396382195
3,2,1,2,2,2,3,1,1,2,3,3,52.1,1,1,0.5468774256075024
3,1,2,1,2,1,2,2,3,1,0,2,41.7,1,1,0.4001614560811708
3,3,4,3,3,1,3,4,3,4,4,3,79.2,2,2,0.8301791899819466
2,3,2,1,2,0,3,3,4,2,3,2,56.2,1,1,0.5766080278384691
3,2,3,3,4,3,4,4,4,4,4,4,87.5,2,2,0.9226933223884308
1,0,1,0,0,2,0,1,1,1,1,1,18.8,0,0,0.18998459235200474
1,3,3,2,1,2,3,4,4,2,3,4,66.7,2,2,0.7796326249823035
1,0,0,0,0,1,1,1,1,0,1,1,14.6,0,0,0.1122017413243439
1,1,1,2,4,2,1,1,1,4,2,3,47.9,1,1,0.417311964596014
1,2,2,1,1,3,3,3,3,3,4,2,58.3,1,1,0.4773521108098473
1,0,0,0,2,0,1,0,0,1,2,1,16.7,1,0,0.2367365506816178
0,2,1,1,0,0,1,1,1,3,2,0,25.0,0,0,0.291358462623325
2,0,1,1,1,1,2,1,2,4,1,2,37.5,1,1,0.4196821049319655
0,2,3,3,3,3,4,4,2,2,3,2,64.6,1,1,0.6492688568959522
2,1,2,2,2,1,3,0,2,2,2,2,43.8,1,1,0.4728876398957431
2,2,1,1,1,3,2,3,2,2,3,2,50.0,2,1,0.4978632705651564
2,2,1,2,2,3,3,2,1,4,1,3,54.2,1,1,0.42527883208521766
0,0,0,0,1,0,0,0,1,0,0,0,4.2,0,0,0.0
2,3,3,2,3,3,3,2,3,4,4,2,70.8,1,1,0.588404539636105
1,1,0,2,1,1,1,0,1,1,2,1,25.0,0,0,0.27368438970924336
3,2,3,4,3,4,3,2,3,4,4,4,81.2,2,2,0.7718672442881787
3,2,3,2,1,2,1,3,3,3,3,1,56.2,1,1,0.5066990717224872
2,1,2,2,3,2,3,2,3,3,1,2,54.2,1,1,0.55159392177041
1,2,2,0,1,3,1,1,2,2,1,2,37.5,0,0,0.34374541431134575
2,3,3,3,2,2,4,3,3,3,4,3,72.9,2,2,0.7470947322653706
1,2,2,1,3,1,0,1,1,2,1,1,33.3,0,0,0.27942646796218273
0,2,0,0,2,3,1,2,2,2,1,1,33.3,1,1,0.3745710576830751
0,2,3,1,3,1,2,3,2,3,2,3,52.1,1,1,0.5293557932166629
1,1,3,2,1,1,1,2,4,2,0,1,39.6,1,1,0.3643418195376595
0,1,0,0,0,1,1,1,1,0,2,3,20.8,0,0,0.24664299824335265
3,2,2,2,3,4,3,4,4,4,3,4,79.2,2,2,0.7964358517702517
1,2,2,4,1,3,4,3,3,3,4,2,66.7,1,1,0.6384868184094491
1,2,0,3,3,2,2,3,3,3,3,3,58.3,1,1,0.6164739354457172
2,2,1,3,1,2,3,1,2,2,1,2,45.8,1,1,0.42654084232019507
2,2,4,2,4,3,2,3,4,4,4,4,79.2,2,2,0.718974756298562
2,1,2,2,3,1,4,3,1,2,3,3,56.2,1,1,0.5200569197230943
0,2,0,1,2,1,0,1,1,2,1,1,25.0,0,0,0.31486373494287156
0,1,1,0,2,2,1,2,2,1,3,2,35.4,1,1,0.3984178181021603
2,2,2,2,2,1,2,2,2,1,3,4,52.1,1,1,0.5061679849847972
3,3,2,1,1,3,2,2,3,3,2,2,56.2,1,1,0.5428816500330573
2,3,2,4,3,3,2,1,2,3,4,3,66.7,1,1,0.5693105607263144
4,3,3,4,2,3,4,4,3,2,4,4,83.3,2,2,0.8176441555277225
2,3,3,3,1,2,3,4,4,4,3,3,72.9,2,2,0.7632972160916678
1,2,1,2,2,2,1,1,1,2,0,2,35.4,1,1,0.41724097793512804
1,1,0,1,0,1,2,2,1,1,2,0,25.0,0,0,0.2086143883046375
2,3,3,3,3,3,3,2,2,3,3,2,66.7,2,2,0.6927860988014394
2,2,2,4,1,2,2,2,2,1,2,2,50.0,1,1,0.5078649516505394
2,3,2,0,0,1,2,1,0,1,2,2,33.3,0,0,0.2436559804157668
3,4,1,3,4,3,3,2,4,3,4,4,79.2,2,2,0.8903934841086196
3,2,2,2,3,2,2,1,1,3,2,2,52.1,0,1,0.5637067564458162
1,1,1,1,3,3,0,2,1,2,2,2,39.6,1,1,0.39902692952900626
2,2,2,2,2,1,2,4,2,2,3,3,56.2,1,1,0.5619154261005198
2,3,3,2,2,2,4,3,2,3,2,4,66.7,2,2,0.7057495469711699
0,1,1,1,1,1,2,1,2,0,1,1,25.0,0,0,0.2020793707675408
2,3,1,1,2,0,2,2,1,3,1,2,41.7,1,1,0.42719970587708656
3,4,3,4,4,3,2,2,3,3,4,4,81.2,2,2,0.781710355889516
1,0,2,0,1,1,1,2,1,1,0,2,25.0,1,0,0.3374876419148185
1,2,1,2,2,2,2,4,3,2,2,2,52.1,1,1,0.4354035820875465
1,1,1,2,1,3,2,2,2,1,2,3,43.8,1,1,0.42008079933497466
1,0,2,2,1,1,1,1,2,2,2,2,35.4,1,1,0.45172564778179675
2,2,2,3,3,1,3,3,3,2,3,3,62.5,2,2,0.7046671391741288
1,1,2,2,2,2,1,2,3,2,1,2,43.8,1,1,0.5122670315994795
1,2,3,1,3,2,4,3,2,2,3,3,60.4,2,2,0.6624678458469561
2,3,1,2,3,2,1,3,1,4,2,4,58.3,1,1,0.5323079273116029
3,1,2,2,2,2,3,2,2,2,3,3,56.2,1,1,0.47476464978737126
1,1,0,1,1,2,0,2,1,1,2,1,27.1,0,0,0.1708188731084456
1,1,1,1,1,1,0,2,1,1,2,1,27.1,1,0,0.3436809191303343
2,1,1,0,1,2,2,2,2,1,0,1,31.2,0,0,0.2883109777147159
0,1,1,2,2,0,0,2,2,0,2,1,27.1,0,0,0.19221628029871982
2,3,3,2,2,2,2,2,1,2,2,2,52.1,1,1,0.48195200864093746
3,2,3,2,3,3,3,3,2,4,4,4,75.0,2,2,0.8193107567844862
3,3,3,3,4,2,3,4,2,4,4,4,81.2,2,2,0.8298752908365686
1,2,1,2,1,3,3,2,1,1,2,2,43.8,1,1,0.4248208949904816
1,1,2,2,1,1,4,3,2,3,2,3,52.1,1,1,0.4573642403794457
2,2,2,1,4,2,1,2,2,3,3,4,58.3,1,1,0.6148445709196755
1,0,1,1,0,1,0,3,1,1,0,1,20.8,0,0,0.21132704105377645
3,2,0,2,2,1,2,1,3,1,2,1,41.7,0,1,0.3561722021682633
0,3,0,1,0,1,2,1,2,1,2,2,31.2,0,0,0.29192289345752037
2,3,3,3,3,3,3,3,4,4,4,4,81.2,2,2,0.7331855914461006
1,2,0,2,0,1,2,1,2,1,2,3,35.4,1,1,0.3873297776217546
2,0,1,3,3,4,4,2,4,3,2,2,62.5,1,1,0.6080048065714648
0,2,2,0,0,1,0,0,1,0,0,1,14.6,0,0,0.15526781043412488
4,3,3,4,4,3,4,4,3,4,4,3,89.6,2,2,0.9281016361735114
2,2,1,2,2,1,2,1,3,2,2,4,50.0,1,1,0.5067855510527404
2,1,1,2,3,3,2,2,3,2,4,3,58.3,1,1,0.5852773675122219
2,0,0,0,2,2,0,1,0,0,2,1,20.8,0,0,0.2484732817294475
1,0,3,1,2,0,2,2,2,2,2,1,37.5,1,1,0.41536433450091265
1,1,1,1,0,0,0,1,1,1,1,0,16.7,0,0,0.1356450167682538
2,3,3,3,4,4,4,3,4,4,3,3,83.3,1,2,0.9029960817581162
0,1,1,0,0,1,0,1,2,1,0,0,14.6,0,0,0.16652246678934593
0,0,1,1,1,0,2,3,0,1,1,1,22.9,0,0,0.15963515367580033
0,0,0,1,0,0,1,0,2,1,0,0,10.4,0,0,0.10448774206506471
1,1,3,2,3,1,3,3,1,4,3,3,58.3,1,1,0.5423599065593461
2,3,2,3,3,2,4,3,4,2,4,2,70.8,2,2,0.7062524919243145
1,0,0,1,1,0,1,1,0,2,0,0,14.6,0,0,0.09324670857457272
2,1,2,2,2,3,2,2,3,3,3,1,54.2,1,1,0.5024219456672758
2,1,1,2,2,3,3,1,2,2,3,3,52.1,1,1,0.6412220555415429
1,1,3,0,3,1,2,2,3,1,2,3,45.8,1,1,0.4920358608754285
0,1,2,1,1,2,3,2,3,2,2,4,47.9,1,1,0.5452371796249734
1,0,0,2,1,1,1,2,2,4,2,3,39.6,1,1,0.393760647185312
2,2,1,2,2,2,2,3,4,3,4,2,60.4,1,1,0.5428307097207649
1,2,0,0,2,0,0,2,2,1,1,1,25.0,0,0,0.18128557349954513
1,2,1,3,0,1,1,0,1,2,2,3,35.4,0,0,0.29857299956798633
3,4,3,4,4,4,3,3,4,4,4,4,91.7,2,2,0.9187386051564752
3,3,4,4,4,4,4,4,4,3,4,4,93.8,2,2,1.0
3,1,1,4,2,2,3,1,3,3,4,2,60.4,1,1,0.5579633173213576
1,1,1,0,1,0,1,0,0,2,1,0,16.7,1,0,0.23257963165821666
3,2,3,2,4,2,4,2,1,3,3,2,64.6,1,1,0.5194384301577336
1,2,2,0,3,1,1,3,2,3,3,2,47.9,1,1,0.4646833707189312
1,1,0,0,1,1,1,2,1,1,1,1,22.9,0,0,0.2338483843461691
1,1,0,0,1,1,0,2,0,1,0,2,18.8,1,0,0.17045985898609706
0,3,2,2,2,3,1,2,3,1,2,4,52.1,1,1,0.5168460976269614
1,3,2,3,3,3,2,4,2,3,3,2,64.6,1,1,0.631759753560796
0,0,0,2,0,1,1,0,0,0,0,0,8.3,1,0,0.0993457434720359
0,0,2,2,2,2,1,2,1,2,2,0,33.3,0,0,0.3139878561129046
4,1,1,2,2,1,1,0,1,2,2,3,41.7,0,0,0.3317115067339865
1,1,3,3,3,2,3,4,2,1,2,3,58.3,1,1,0.48819314730089214
0,0,0,1,1,1,0,1,1,0,0,0,10.4,0,0,0.0
0,0,0,0,3,0,2,0,0,1,0,0,12.5,0,0,0.13921780129055678
2,2,4,3,3,3,3,3,2,3,4,4,75.0,1,1,0.629699454656111
0,1,1,1,0,1,2,1,1,0,1,1,20.8,0,0,0.1977131937701118
1,1,1,2,2,1,1,2,3,2,1,2,39.6,1,1,0.4000697767705089
2,1,1,1,2,1,1,1,0,0,1,1,25.0,0,0,0.14952250787717827
0,2,0,1,1,0,2,0,1,2,2,0,22.9,1,0,0.28406200265045534
1,1,3,1,1,0,0,0,2,1,2,2,29.2,0,0,0.2546733568201379
0,3,2,2,1,1,2,4,3,3,2,2,52.1,1,1,0.4761067900830306
2,2,1,2,2,3,3,4,3,3,2,3,62.5,2,2,0.7633175588185312
2,3,3,4,3,3,3,3,2,4,3,3,75.0,2,2,0.7608241850956179
1,1,1,2,1,0,2,2,2,1,2,2,35.4,1,1,0.4077589815501497
2,3,2,2,4,3,3,4,3,4,2,3,72.9,2,2,0.6615375689469442
0,2,1,0,1,1,1,0,1,1,1,0,18.8,0,0,0.16776795307886602
1,2,0,0,1,1,1,1,0,1,3,2,27.1,0,0,0.32171585208254966
2,4,4,4,3,4,2,3,4,4,3,4,85.4,2,2,0.9521316051922452
0,1,2,2,0,0,1,1,1,2,2,2,29.2,0,0,0.29983108981479606
0,1,0,1,1,0,2,1,1,1,3,2,27.1,0,0,0.15683796872819517
1,0,1,0,2,1,0,1,0,1,0,1,16.7,0,0,0.24037300903366096
1,1,0,1,1,0,1,2,1,1,1,1,22.9,0,0,0.19758043936090838
1,0,0,1,0,1,0,0,1,1,2,0,14.6,0,0,0.10962981392698719
3,2,1,3,2,2,2,2,2,3,2,2,54.2,1,1,0.5324359281721603
1,1,0,2,2,1,2,2,2,2,2,3,41.7,1,1,0.3820960208840197
4,3,2,4,3,3,2,4,4,3,4,4,83.3,2,2,0.9187679388461565
4,2,2,2,4,3,2,4,2,4,4,4,77.1,2,2,0.7535382702701607
2,2,3,3,2,3,1,3,1,2,0,3,52.1,1,1,0.5201159655872839
0,2,1,2,0,2,3,2,2,1,1,2,37.5,0,0,0.22832878715461424
0,1,0,1,2,2,2,2,1,2,2,2,35.4,1,1,0.4741095026295923
2,1,1,0,2,1,2,2,3,2,4,3,47.9,1,1,0.5586693801475274
0,0,1,0,0,2,1,1,0,1,0,1,14.6,0,0,0.15250963433774756
1,3,1,3,2,2,3,3,4,3,2,3,62.5,1,1,0.5871297297457244
3,2,2,2,2,2,1,0,2,1,1,1,39.6,1,1,0.36540203197532517
4,2,2,1,0,1,3,2,3,3,2,4,56.2,1,1,0.5126379579546412
2,3,3,1,2,1,4,3,1,3,3,2,58.3,2,2,0.6938928999058285
2,0,0,0,0,0,1,0,0,0,0,1,8.3,0,0,0.09996686753944253
3,4,4,2,3,3,4,4,3,3,4,4,85.4,2,2,0.7322255029475149
3,0,2,2,3,3,2,4,4,3,4,3,68.8,1,1,0.5513907849658914
1,1,0,1,2,1,0,1,0,2,2,2,27.1,0,0,0.2179581781939598
3,4,2,4,4,3,4,3,3,4,4,4,87.5,2,2,0.8350630099273559
1,2,1,1,1,2,3,3,1,3,2,3,47.9,1,1,0.5489187130147664
2,2,4,3,3,2,4,4,4,3,4,3,79.2,2,2,0.863472146856177
2,4,2,3,3,3,3,3,3,3,4,2,72.9,1,1,0.6109699841956223
3,2,2,3,2,1,2,1,2,1,2,2,47.9,1,1,0.5409818656928512
0,1,2,1,1,1,0,1,1,0,2,0,20.8,0,0,0.17587423453814577
1,1,2,1,1,1,1,0,1,0,1,1,22.9,0,0,0.2672573701202732
2,1,2,3,2,2,2,2,3,3,4,3,60.4,2,2,0.6899881934895216
1,2,1,3,0,1,3,2,1,3,3,3,47.9,1,1,0.48673662536174267
0,1,0,1,2,0,1,0,2,0,1,0,16.7,0,0,0.10254706953293585
0,0,2,2,3,1,1,1,1,1,2,1,31.2,0,0,0.3107080669286973
3,3,3,4,3,4,4,4,4,3,4,3,87.5,2,2,0.7879618836046403
2,2,2,3,1,4,3,2,2,3,4,3,64.6,1,1,0.5827330453985964
2,2,3,2,2,3,2,3,2,2,4,2,60.4,1,1,0.5847421677150422
0,1,0,0,1,1,2,2,0,1,1,2,22.9,0,0,0.14646718140460774
1,1,1,1,0,1,2,1,1,1,0,1,22.9,0,0,0.19094667176958394
1,0,0,0,1,2,2,0,2,1,1,1,22.9,0,0,0.23319803305690145
3,4,3,3,3,4,4,2,4,3,4,4,85.4,1,2,0.8190499679779066
1,0,0,0,1,1,1,2,0,2,3,0,22.9,0,0,0.27094518171390397
2,1,0,1,2,3,3,2,2,3,4,2,52.1,1,1,0.4564513629430157
0,0,2,1,1,0,0,1,1,1,0,1,16.7,0,0,0.2513105798176083
2,2,2,1,0,1,1,2,4,3,4,3,52.1,1,1,0.4740453322416083
1,2,3,4,2,2,1,3,4,3,2,3,62.5,1,1,0.5738810480887503
3,3,3,3,4,4,3,3,4,4,4,3,85.4,2,2,0.8615367484013053
1,0,1,1,0,1,1,0,1,0,1,0,14.6,0,0,0.10645612979554048
1,2,0,0,0,0,2,0,1,2,2,1,22.9,0,0,0.3085982116175032
1,1,0,0,2,1,3,0,1,0,0,2,22.9,0,0,0.1464036554885952
2,4,2,2,3,3,4,4,4,4,4,3,81.2,1,2,0.8808057798281146
2,4,1,4,3,3,4,4,4,4,4,3,83.3,2,2,0.8367287313401341
2,2,3,2,3,3,2,2,4,2,3,3,64.6,2,2,0.6838183676795122
1,2,1,1,2,1,1,1,2,3,3,2,41.7,1,1,0.4776534017628148
3,1,2,1,1,1,2,2,3,1,1,1,39.6,1,1,0.46506832038818025
1,0,0,1,3,0,0,1,0,1,0,2,18.8,0,0,0.19805803941122674
3,2,2,2,4,2,3,3,3,3,2,3,66.7,2,2,0.7696820217165725
2,1,3,3,2,2,1,2,3,2,2,4,56.2,1,1,0.579994190194205
3,2,2,0,1,1,1,1,0,2,2,3,37.5,0,0,0.3383689391563412
1,1,0,1,2,1,3,1,2,1,2,0,31.2,1,1,0.3946317580853646
1,1,1,0,0,1,1,0,0,1,0,0,12.5,0,0,0.0932197078420807
2,1,0,0,0,3,2,1,1,1,2,1,29.2,0,0,0.2950307591973576
3,2,4,3,4,2,4,3,3,4,2,3,77.1,2,2,0.6710613372581925
1,1,0,2,0,2,2,2,0,0,2,0,25.0,0,0,0.18955507814625286
0,1,2,3,2,1,2,2,2,2,1,2,41.7,1,1,0.4831178276809989
2,1,0,2,0,1,1,1,1,1,0,1,22.9,0,0,0.20700521631131816
1,2,3,2,1,2,2,3,3,4,4,3,62.5,1,1,0.616187830260819
1,0,0,0,1,2,1,1,1,1,0,2,20.8,0,0,0.1072646865809426
3,2,2,2,2,2,1,2,3,3,3,2,56.2,1,1,0.5238368982734785
3,2,2,2,1,2,3,3,4,2,3,4,64.6,1,1,0.5975197629782429
3,1,0,2,2,1,2,2,2,1,1,1,37.5,0,0,0.25010941699398453
2,2,2,2,2,3,2,2,2,3,1,1,50.0,1,1,0.5189581616598743
3,2,3,1,3,3,1,4,3,2,2,1,58.3,1,1,0.6001046092567142
1,1,1,2,0,0,0,1,1,1,1,0,18.8,0,0,0.22967677070007625
4,4,3,3,4,2,3,3,3,4,3,4,83.3,2,2,0.8677875319530908
1,1,1,1,2,2,2,2,2,3,1,2,41.7,1,1,0.4345924316872576
1,0,0,0,0,0,1,0,0,0,0,0,4.2,0,0,0.016936710314354314
0,2,1,0,0,2,2,2,1,1,0,1,25.0,0,0,0.2511202599524981
1,0,2,1,2,2,2,2,1,3,2,2,41.7,0,0,0.33736585451629575
1,1,2,2,1,1,1,3,2,2,3,1,41.7,1,1,0.48625514853723084
0,0,2,3,2,2,1,3,2,2,1,1,39.6,1,0,0.2952874547202939
3,3,3,3,2,2,3,2,2,4,3,3,68.8,2,2,0.6612278257988645
2,2,3,1,3,3,3,2,3,3,2,4,64.6,2,1,0.6314914453584047
2,1,2,3,3,2,2,2,3,2,2,4,58.3,2,2,0.6639964529371393
3,1,2,1,2,2,2,4,2,2,2,4,56.2,1,1,0.5742127491071892
0,0,2,1,1,3,1,0,1,0,2,1,25.0,0,0,0.2075433638901593
1,1,0,0,0,0,0,1,0,0,0,1,8.3,0,0,0.03980341881028315
1,0,2,3,2,1,1,2,2,2,4,2,45.8,1,1,0.47539375118700516
3,1,0,1,2,1,1,2,1,2,3,1,37.5,0,1,0.41567534046838084
2,3,2,2,2,3,3,2,3,4,3,2,64.6,2,2,0.7170942717497814
2,2,1,2,2,0,1,4,3,3,3,2,52.1,1,1,0.48241141875676635
1,1,1,1,1,0,1,0,0,1,0,1,16.7,0,0,0.21232048067844858
3,3,4,3,4,4,4,4,4,4,4,4,93.8,2,2,0.8551485376040469
2,2,3,1,2,2,3,3,2,1,3,2,54.2,1,1,0.5043602446372454
1,1,3,4,3,3,4,2,3,3,4,3,70.8,2,2,0.6695051040430753
0,1,2,1,0,0,0,2,0,0,2,0,16.7,0,0,0.13773506382655482
3,2,1,2,1,2,2,1,2,1,3,2,45.8,1,1,0.5194607455237242
1,2,1,2,2,1,2,0,2,2,1,2,37.5,1,1,0.42575294143019515
1,0,0,0,0,0,1,0,0,0,0,1,6.2,0,0,0.06799774887792942
1,3,4,4,3,3,1,4,3,3,3,4,75.0,2,2,0.7388230909094715
2,1,1,1,0,2,0,2,2,1,2,3,35.4,0,0,0.1962963202951588
2,2,1,4,3,4,2,4,3,2,3,3,68.8,2,2,0.7570697775482741
2,1,2,1,1,1,3,2,0,2,2,4,43.8,0,1,0.4307579020126144
